Overall Accuracy,Average Accuracy,Kappa Coefficient,Overall Accuracy Std,Average Accuracy Std,Kappa Coefficient Std
Label Propagation,0.7837252414869742,0.7482921069933239,0.7561704914512646,0.0056896567270238365,0.009546724109890534,0.006303993265114921
GCN,0.7971038307486907,0.632391634615583,0.7643059075765652,0.007646256035035013,0.020410887684038627,0.009061484574977935
