GCN,Label Propagation
1,,0.29000000000000004
2,0.767,0.8160000000000001
3,0.6170000000000001,0.7910000000000001
4,0.41,0.5599999999999999
5,0.9349999999999999,0.7790000000000001
6,0.9880000000000001,0.8160000000000001
7,,0.11600000000000002
8,0.9339999999999999,0.8210000000000001
9,1.0,0.31499999999999995
10,0.645,0.75
11,0.748,0.8629999999999999
12,0.7739999999999999,0.8239999999999998
13,0.99,0.647
14,0.959,0.834
15,0.7369999999999999,0.6569999999999999
16,0.85,0.491
