GCN,Label Propagation
1,,0.45699999999999996
2,0.7860000000000001,0.916
3,0.653,0.906
4,0.42000000000000004,0.6749999999999999
5,0.9620000000000001,0.8889999999999999
6,0.992,0.9339999999999999
7,0.7120000000000001,0.53
8,0.9399999999999998,0.938
9,,0.48600000000000004
10,0.694,0.8939999999999999
11,0.7780000000000001,0.9499999999999998
12,0.696,0.9000000000000001
13,0.99,0.8699999999999999
14,0.9479999999999998,0.9389999999999998
15,0.785,0.825
16,0.8939999999999999,0.7670000000000001
