Overall Accuracy,Average Accuracy,Kappa Coefficient,Overall Accuracy Std,Average Accuracy Std,Kappa Coefficient Std
Label Propagation,0.9047224119426286,0.8849354043512803,0.8916830699091307,0.0016702803416835594,0.0025077133630765063,0.0018994106462113935
GCN,0.8124661246612466,0.653743117026224,0.7824457124443842,0.008948967436769178,0.028059174431688948,0.01050626879158188
